trade_id,coin,datum,menge,kaufpreis_eur,preis_geschaetzt,preis_quelle,commission,commission_asset,gebuehr_eur,gebuehr_kurs_eur,gebuehr_geschaetzt,gebuehr_quelle
100001,BTC,2024-04-12T10:00:00+00:00,0.05,52000.0,0,demo,0.0,,2.50,,0,demo
100002,ETH,2024-05-20T14:30:00+00:00,1.0,2100.0,0,demo,0.0,,1.80,,0,demo
100003,LINK,2024-07-08T09:15:00+00:00,200.0,11.50,0,demo,0.0,,3.20,,0,demo
100004,SOL,2024-06-18T11:00:00+00:00,20.0,75.0,0,demo,0.0,,1.50,,0,demo
100005,BTC,2024-09-22T16:45:00+00:00,0.06,58000.0,0,demo,0.0,,2.80,,0,demo
100006,ETH,2024-10-05T08:20:00+00:00,1.0,2400.0,0,demo,0.0,,1.90,,0,demo
100007,SOL,2025-01-14T13:10:00+00:00,20.0,95.0,0,demo,0.0,,1.60,,0,demo
100008,BTC,2025-02-28T10:30:00+00:00,0.04,62000.0,0,demo,0.0,,2.20,,0,demo
100009,ETH,2025-03-18T15:00:00+00:00,0.5,2800.0,0,demo,0.0,,1.20,,0,demo
